,idx,beta,pval,cilb,ciub,i2,tau2,symbol
ENSG00000167513.7,32698,2.34997484009092,1.10703836791281e-24,1.90090456538923,2.7990451147926,97.2490438200121,1.08540755558927,CDT1
ENSG00000139343.9,50850,0.716673633512596,1.06662694931621e-16,0.54737947382897,0.885967793196222,95.9036794205268,0.147604546218144,SNRPF
ENSG00000188783.5,25727,-2.43424454834226,1.63861625584413e-15,-3.03316715610791,-1.83532194057661,97.8144930720363,1.91861091375895,PRELP
ENSG00000112742.8,3548,2.41925260891335,8.54574172332266e-15,1.80815359206234,3.03035162576437,98.1183482499514,2.05558212017206,TTK
ENSG00000175643.8,868,1.59828717723505,3.90400969482574e-14,1.18415152495508,2.01242282951503,97.5719048498185,0.942440410427152,RMI2
ENSG00000198624.11,37733,-1.82363300417437,4.25534769198537e-14,-2.29685986650151,-1.35040614184722,98.6232918431373,1.2316226380207,CCDC69
ENSG00000106018.12,22043,-1.90230802087715,4.93943506419132e-13,-2.41821758220548,-1.38639845954881,96.0870621896131,1.41961953247205,VIPR2
ENSG00000106367.12,25330,0.691616883655575,3.61287690055894e-12,0.496618116606143,0.886615650705007,96.478018727776,0.203161414680792,AP1S1
ENSG00000196914.7,23333,-0.430379663808028,5.3729499672899e-12,-0.552712499729213,-0.308046827886844,91.9630427003137,0.0690696969425104,ARHGEF12
ENSG00000171303.6,26772,-2.49347424471822,1.50311013489611e-11,-3.21774953923483,-1.76919895020161,98.3218445999999,2.87077388520114,KCNK3
ENSG00000101204.14,34315,-3.79136986068186,3.61826973158554e-11,-4.91405238332435,-2.66868733803938,96.5658959000985,6.51688908977848,CHRNA4
ENSG00000205269.5,7371,-0.923682537184696,4.73632897697089e-11,-1.19885891366193,-0.648506160707465,97.2277060343758,0.422520525007165,TMEM170B
ENSG00000106636.6,34205,0.507377002300896,5.56594926338488e-11,0.355668715891824,0.659085288709968,97.7492894607689,0.126225010844744,YKT6
ENSG00000263812.4,24843,-2.66616286075004,4.94930199178348e-10,-3.50619374424559,-1.82613197725449,98.4523879101675,3.99630813416205,LINC00908
ENSG00000153446.14,40094,-3.06184482936231,8.10489777136797e-10,-4.03876862300396,-2.08492103572066,99.1542986492633,5.48810552578919,C16orf89
ENSG00000106086.17,34986,0.484619496339534,8.35999856104239e-10,0.329870962025603,0.639368030653465,96.9786546864707,0.131717248531227,PLEKHA8
ENSG00000138092.9,32041,0.968364571524963,1.85134949402275e-09,0.652582141829408,1.28414700122052,99.1669383818993,0.571343171614036,CENPO
ENSG00000100426.6,59354,0.449187092246258,4.22506428331491e-09,0.299336754228472,0.599037430264043,95.9343694633544,0.119589563789557,ZBED4
ENSG00000183549.9,8890,-2.4521718238149,4.7436685202028e-09,-3.2729080483674,-1.63143559926239,98.6853724497528,3.69380925020688,ACSM5
ENSG00000136842.12,1649,-1.98734834505898,8.29905504237477e-09,-2.66332010751101,-1.31137658260695,98.7155027022036,2.50258592225216,TMOD1
ENSG00000241399.5,13510,-1.46686641193114,1.49891012072602e-08,-1.97466642602122,-0.959066397841054,98.7588738742766,1.45822864804686,CD302
ENSG00000123415.13,24079,0.43658918702795,2.34150424208466e-08,0.283366208834453,0.589812165221446,97.2443819936233,0.132182342753258,SMUG1
ENSG00000198663.15,48997,-0.282482939575072,4.33232301400322e-08,-0.38357526035773,-0.181390618792414,96.4825978228802,0.0555527830236518,C6orf89
ENSG00000275152.3,28174,-2.95198141901499,8.18224686309795e-08,-4.03080098604008,-1.87316185198989,98.130095467907,6.43149386107846,CCL16
ENSG00000151465.12,53924,0.333366869136415,1.5242999607825e-07,0.208902703986525,0.457831034286305,97.3152441580491,0.083290883468492,CDC123
ENSG00000204267.12,25483,0.519263290707875,1.68616211370743e-07,0.324703595865243,0.713822985550508,95.5153007071524,0.199198206853605,TAP2
ENSG00000145388.13,32261,-0.278371045966708,2.42733000936414e-07,-0.384040928797098,-0.172701163136318,96.5949242078921,0.0594278336925741,METTL14
ENSG00000007908.14,35114,-1.78333632131448,4.17570528241355e-07,-2.47399726311301,-1.09267537951594,95.0425170938874,2.49928387684582,SELE
ENSG00000146109.4,55960,0.251649408310812,6.9937750355161e-07,0.152239924135595,0.351058892486029,93.4044436179703,0.0477947220004954,ABT1
ENSG00000183309.10,54601,0.403614335475524,7.14959143317581e-07,0.244036207072834,0.563192463878215,97.2508032936135,0.139884817615353,ZNF623
ENSG00000053372.4,55355,0.45985819821397,1.79681320731789e-06,0.271104266387726,0.648612130040213,97.567492695517,0.19617373772919,MRTO4
ENSG00000139826.5,37507,-0.267438755508469,1.87654106645249e-06,-0.377413372738922,-0.157464138278016,95.2251187700269,0.0647836536979724,ABHD13
ENSG00000147526.18,5413,-1.0168868482745,2.01036395899884e-06,-1.43626865892853,-0.597505037620473,98.7112104880343,0.991656289325988,TACC1
ENSG00000168397.15,8996,0.213084955283365,2.19006566424606e-06,0.124883292295095,0.301286618271636,91.6705339637499,0.0384245454374935,ATG4B
ENSG00000112874.8,6595,-0.527881622047053,2.33380960657326e-06,-0.746983538911636,-0.30877970518247,96.2917413360459,0.251050474736616,NUDT12
ENSG00000163820.13,45644,-0.762547216719411,3.02265208159022e-06,-1.08263228903998,-0.442462144398839,98.4927193874689,0.57212940004557,FYCO1
ENSG00000062725.8,19089,-0.252336395279942,3.10987441453033e-06,-0.358389370992116,-0.146283419567768,94.8518810826705,0.0594627906748004,APPBP2
ENSG00000197619.12,10755,-0.377313979598193,3.2072265591083e-06,-0.536109080007294,-0.218518879189093,95.381727339245,0.133149990282271,ZNF615
ENSG00000187239.15,7673,-0.769930536472452,3.47924427474465e-06,-1.09513367364976,-0.444727399295142,98.8072460531088,0.550442037930319,FNBP1
ENSG00000136378.13,37591,0.843937463413564,3.99050083145955e-06,0.485279326002631,1.2025956008245,96.4463122918436,0.672712373977199,ADAMTS7
ENSG00000158022.6,45683,-2.25581807236573,9.19479571287079e-06,-3.25266857871495,-1.25896756601651,95.883977714149,5.49007797112264,TRIM63
ENSG00000141580.14,37140,0.273403062760206,1.0032167315481e-05,0.152071077633333,0.394735047887078,97.3812959841019,0.0804991151730118,WDR45B
ENSG00000151553.13,23027,-0.329203035273512,1.05835493002973e-05,-0.475682395643559,-0.182723674903465,96.0968801244707,0.113616754508743,FAM160B1
ENSG00000171873.7,27819,-1.74758081655779,1.42149163222921e-05,-2.53670272016689,-0.958458912948683,97.8122495201462,3.32019257936235,ADRA1D
ENSG00000185022.10,38558,-0.603909778318707,1.76539436705449e-05,-0.879645429955742,-0.328174126681672,88.5681131443235,0.344951357768468,MAFF
ENSG00000122729.17,51319,-0.677496870819352,2.35922150027196e-05,-0.991572729550551,-0.363421012088152,98.4048720596403,0.543098378769192,ACO1
ENSG00000186951.15,1365,-0.613093731449052,2.51745902577208e-05,-0.898300567309226,-0.327886895588877,98.1408673375088,0.453397288571356,PPARA
ENSG00000117407.15,22593,1.22095817084108,2.6071007448771e-05,0.651909301649101,1.79000704003306,98.4947498165851,1.82864593338117,ARTN
ENSG00000178722.11,52660,-1.99817980355371,4.13224836893957e-05,-2.95339941695925,-1.04296019014816,96.3996317996575,4.54100584210936,C5orf64
ENSG00000054523.15,1883,-0.345945966846965,4.38717011172436e-05,-0.511885240699205,-0.180006692994724,95.1569615971233,0.141727776150558,KIF1B
ENSG00000141905.16,29505,-0.504392442657332,5.08704072383259e-05,-0.748393103156536,-0.260391782158127,97.6696687867782,0.31692253555169,NFIC
ENSG00000173578.7,44370,-0.947770889021944,5.35104984813916e-05,-1.40760167779092,-0.487940100252973,93.3896966609502,1.07731707998478,XCR1
ENSG00000012061.14,41925,0.20921164758025,6.03927611731525e-05,0.106987862797685,0.311435432362814,93.4842675622626,0.0526104336581402,ERCC1
ENSG00000247077.5,27290,0.488550082862993,6.05172080863531e-05,0.249808645947438,0.727291519778549,98.9048599765287,0.327104504954422,PGAM5
ENSG00000185070.9,53338,-1.31486049700422,6.69153332823706e-05,-1.96123175784244,-0.668489236166002,98.4533149436955,2.31942135070543,FLRT2
ENSG00000143437.19,39662,-0.284566336279565,7.72082799419441e-05,-0.425662530270329,-0.143470142288801,97.9042979264165,0.113713104338805,ARNT
ENSG00000250305.7,53552,-1.03752943886817,7.75641839515228e-05,-1.55210966993276,-0.522949207803582,98.2669113440724,1.40947039699535,KIAA1456
ENSG00000119760.14,59329,0.18999087284515,7.96359014382514e-05,0.0956109685013435,0.284370777188957,97.5963237301623,0.048614047612813,SUPT7L
ENSG00000168779.18,40171,2.11503910969369,8.15734145659149e-05,1.06283486265296,3.16724335673442,98.3169328590705,6.10082777558018,SHOX2
ENSG00000204580.10,1321,0.746155092587511,9.52335671674757e-05,0.371404281826844,1.12090590334818,98.4453396674406,0.753937337346029,DDR1
ENSG00000181649.5,480,1.01504023065258,0.000100608749387952,0.503499633087572,1.52658082821758,95.984999494736,1.38535747320496,PHLDA2
ENSG00000183695.2,56286,-2.45489450009976,0.00010531931027311,-3.69561304206134,-1.21417595813818,96.032901160299,7.98474690493948,MRGPRX2
ENSG00000163328.12,54194,-0.803496816527793,0.000112069201363834,-1.21118090684784,-0.395812726207743,98.714874148238,0.937528983856335,GPR155
ENSG00000141012.11,18132,0.353800815287141,0.000127038622965974,0.172847436267804,0.534754194306478,97.1407413249211,0.1802190321329,GALNS
ENSG00000182901.14,18851,-1.60395750553543,0.000129676759386768,-2.42539467817075,-0.782520332900102,95.0425458401045,3.18545081486017,RGS7
ENSG00000172159.14,30069,-1.18478960526454,0.000150244306051093,-1.79738522501644,-0.572193985512636,99.069227044729,2.12447193837433,FRMD3
ENSG00000067840.11,3584,-1.42609881641954,0.000171204863093195,-2.169851884795,-0.68234574804408,98.9932041728356,3.11703863774342,PDZD4
ENSG00000106733.19,40850,-0.37097468835737,0.000186512306264046,-0.565561644741276,-0.176387731973464,96.5343484142186,0.202348108251256,NMRK1
ENSG00000071553.15,30823,0.398082638316411,0.000206681286204861,0.187818757922519,0.608346518710303,98.6245610431938,0.249332189943972,ATP6AP1
ENSG00000241186.6,28105,-2.21479622726355,0.000207644325200034,-3.38500398900145,-1.04458846552565,98.4982436597952,7.31471762277565,TDGF1
ENSG00000170456.13,59115,-0.579903867269974,0.000237249251714317,-0.889125975892292,-0.270681758647657,97.1284863420415,0.503494290055389,DENND5B
ENSG00000182253.13,41315,-1.54458363366868,0.000237984496576498,-2.36837892922187,-0.720788338115499,99.374062678708,3.70789152840468,SYNM
ENSG00000132793.10,33451,0.4067115441295,0.000270259546251527,0.187852663655755,0.625570424603245,95.0510967665895,0.240931553656516,LPIN3
ENSG00000152223.11,27448,-0.194138728694462,0.000302931940974146,-0.29946065169437,-0.0888168056945545,90.1914924436686,0.0518992462681715,EPG5
ENSG00000136273.10,34767,0.249706650143325,0.000319351990932062,0.113722781721579,0.385690518565071,97.866154414417,0.103431730821985,HUS1
ENSG00000170915.8,49539,-0.696829416082627,0.000332851479391362,-1.07744520398503,-0.316213628180221,98.1262061376755,0.806950446980501,PAQR8
ENSG00000141527.15,5768,1.20943611711488,0.000347553074708358,0.546744562314793,1.87212767191497,98.6753118004753,2.49544005889942,CARD14
ENSG00000173258.11,41459,-0.994562830685656,0.000352452644758293,-1.54007647080506,-0.449049190566246,98.7005740687455,1.68008788568696,ZNF483
ENSG00000128928.7,21599,-0.489136910840759,0.000421499430070845,-0.76101001367484,-0.217263808006678,98.5030824604682,0.417048127488564,IVD
ENSG00000070018.7,13650,-0.360859209112168,0.00042271080591462,-0.561475972941412,-0.160242445282923,96.2751548955703,0.208935975523127,LRP6
ENSG00000104643.8,48669,-0.402610147790267,0.000467344524670995,-0.628144555043566,-0.177075740536967,98.73381433017,0.291985435247122,MTMR9
ENSG00000122971.7,29921,-0.809224587228294,0.000550036434162545,-1.26826753079676,-0.350181643659832,99.1084200601975,1.22010001159864,ACADS
ENSG00000235162.7,15209,0.788185865929997,0.000635687167861895,0.335944773132466,1.24042695872753,98.077115332552,1.09453295503742,C12orf75
ENSG00000160679.11,34095,0.257694680390294,0.000660071529982832,0.10939037873477,0.405998982045819,98.297578579946,0.118861862974949,CHTOP
ENSG00000103037.10,22908,0.262018488781463,0.000769545397890865,0.109337248042874,0.414699729520052,97.5777001890016,0.131714285551664,SETD6
ENSG00000182013.16,15029,-0.94037064875546,0.000864096062252167,-1.49361892164374,-0.387122375867182,97.5799799641232,1.68728796042588,PNMAL1
ENSG00000120457.10,913,-0.944620376740473,0.000899016283421532,-1.50221721822918,-0.387023535251762,97.6489602114409,1.72305691093451,KCNJ5
ENSG00000104626.13,10627,0.326288494165969,0.00112718597471236,0.129919398881506,0.522657589450432,98.2383700611918,0.221247847056148,ERI1
ENSG00000122490.17,49240,-0.434032008483212,0.00124966291154972,-0.69762332827114,-0.170440688695284,98.284986475223,0.399673734109801,PQLC1
ENSG00000081692.11,50509,0.284479826978498,0.00129969107445641,0.11110858959553,0.457851064361466,97.4506491210977,0.168921300623959,JMJD4
ENSG00000240230.4,45407,0.386483926051197,0.00130350039201039,0.150886546937387,0.622081305165008,98.7976432877849,0.321139761958754,COX19
ENSG00000157107.12,8096,-0.357217325938415,0.00147355893466715,-0.577395975988907,-0.137038675887923,97.7595692030514,0.258822418553126,FCHO2
ENSG00000206503.10,36842,0.469352932725942,0.0015645605790723,0.178464721598025,0.76024114385386,97.0977963780269,0.474352849421804,HLA-A
ENSG00000161048.10,40986,-0.287891551274436,0.00164668079580843,-0.467162551173379,-0.108620551375493,96.746694867759,0.170798587127418,NAPEPLD
ENSG00000172014.12,50911,-0.974365069898498,0.00183627519935848,-1.58733721127041,-0.361392928526589,78.5847676861623,1.45817108789897,ANKRD20A4
ENSG00000157954.13,9873,0.214493025734909,0.00194986686082487,0.0787826826235879,0.350203368846231,98.2600243124995,0.106037442429495,WIPI2
ENSG00000163945.14,42611,0.31983875474337,0.00220920434440711,0.11501624134975,0.524661268136989,96.5113912507627,0.232359325995104,UVSSA
ENSG00000102753.8,39586,-0.191305872363703,0.00250307977320594,-0.315340433744461,-0.0672713109829459,94.6826062196573,0.0780605716003172,KPNA3
ENSG00000010165.18,40707,0.236911276872851,0.00279533944386566,0.0815828060080926,0.392239747737609,98.3851983243727,0.137752178113513,METTL13
ENSG00000171368.11,12994,-1.1594144504923,0.0028018310905579,-1.91975301439984,-0.399075886584757,99.0484027988793,3.32727507463331,TPPP
ENSG00000198373.11,21681,-0.252766516591641,0.00301154883806193,-0.41976594687628,-0.0857670863070018,98.0798896910455,0.152298336625881,WWP2
ENSG00000064218.4,59999,2.09644116531246,0.00367070997239761,0.682076407068766,3.51080592355616,98.2365612593723,10.8445649617773,DMRT3
ENSG00000166548.14,5277,-0.32179461366495,0.00368185929881839,-0.538964426609217,-0.104624800720682,98.5338075754873,0.261896652280434,TK2
ENSG00000164828.16,21574,0.200993787606827,0.00412584309890549,0.0636545671911312,0.338333008022523,97.1484534699658,0.103635164401963,SUN1
ENSG00000151498.10,2146,-0.31403986469787,0.00429075124551584,-0.529556808756293,-0.0985229206394467,98.2744892787339,0.259898482740759,ACAD8
ENSG00000158006.12,15103,-0.349558130155274,0.00469805620233999,-0.591904016897008,-0.10721224341354,98.725609705812,0.31442340755082,PAFAH2
ENSG00000037637.9,17014,-0.0899751941346912,0.00479860979984587,-0.152504429897598,-0.0274459583717848,92.4728023550654,0.0185273243413686,FBXO42
ENSG00000198625.11,20573,0.229511900215865,0.00507262328981147,0.0689932733397532,0.390030527091977,95.1789705147947,0.132189045338117,MDM4
ENSG00000063660.7,15720,0.467302151241422,0.00569181612064664,0.136059262079509,0.798545040403336,97.9987723714132,0.596749653833701,GPC1
ENSG00000112294.11,37009,-0.470836659571062,0.00602741207060483,-0.806862390676041,-0.134810928466083,98.4413926381335,0.615799636333112,ALDH5A1
ENSG00000128655.15,22209,-0.980195378892096,0.00606680678665464,-1.68028415642208,-0.280106601362112,98.34613294265,2.58719719626791,PDE11A
ENSG00000162426.13,48265,-0.789700397537193,0.0063410189376046,-1.35673634314702,-0.222664451927369,99.3216017343731,1.86097658300189,SLC45A1
ENSG00000143727.14,45786,0.215706809416821,0.00915620478528109,0.0534847708207238,0.377928848012918,98.2818742565051,0.146007565339377,ACP1
ENSG00000127328.20,50163,0.389901720645067,0.00969255336288723,0.0944595583364257,0.685343882953709,98.0964949982371,0.457675892425948,RAB3IP
ENSG00000160703.14,42116,-0.223955404172668,0.0096953494077453,-0.393660763509363,-0.0542500448359727,96.1135456468051,0.147416810372639,NLRX1
ENSG00000174600.12,50059,-0.545023867996709,0.00973288897733708,-0.958236179437054,-0.131811556556363,97.2338814078036,0.946344431349435,CMKLR1
ENSG00000183826.15,18917,-0.33610600669999,0.0123113702983396,-0.599282827139555,-0.0729291862604237,98.8703004985502,0.395473686749626,BTBD9
ENSG00000109133.11,9504,0.267051425014051,0.0131030640973208,0.0560798360874822,0.478023013940619,98.5128512847338,0.248031208762465,TMEM33
ENSG00000182195.7,38946,-0.660190535722743,0.0142340737550285,-1.1880528822784,-0.132328189167082,99.2110559696364,1.59808075953667,LDOC1
ENSG00000047597.5,27347,-0.850235912506773,0.0155217085850525,-1.53885209051849,-0.161619734495051,99.1548973486016,2.75096933641651,XK
ENSG00000164855.14,45903,0.732600982472213,0.0158913911319347,0.137149669704409,1.32805229524002,98.5353265889895,1.84853897049008,TMEM184A
ENSG00000156711.15,37766,0.539782435467239,0.0163221359638909,0.0992676940209295,0.980297176913549,98.9486321947294,1.04959573852065,MAPK13
ENSG00000106789.11,40232,0.630482931052862,0.0167227781196583,0.114037208428268,1.14692865367746,98.7240596166061,1.519678899767,CORO2A
ENSG00000049239.11,441,-0.411385657247684,0.0175714575292825,-0.750948491539274,-0.0718228229560933,99.1797302001244,0.672892593271941,H6PD
ENSG00000142794.17,35472,-0.214441969177548,0.0187067926688945,-0.3931917859592,-0.0356921523958952,90.2596436871231,0.151927674827174,NBPF3
ENSG00000166828.2,30342,-2.34881644139894,0.019455314657288,-4.31895191079457,-0.378680972003307,99.6113866473088,21.2713046611436,SCNN1G
ENSG00000134253.8,14640,0.478225087179835,0.0201088570058435,0.0749640183953315,0.881486155964338,98.2257080633614,0.899904288515269,TRIM45
ENSG00000110218.7,18342,0.17148724823494,0.0202314867348856,0.0267392140813963,0.316235282388483,94.9353447488634,0.104318929635454,PANX1
ENSG00000173559.11,31745,0.335802768511589,0.0215864776829903,0.0493425724851453,0.622262964538032,93.7601097612233,0.423802673720262,NABP1
ENSG00000232196.3,14219,-0.388940359101623,0.0227476851374799,-0.723632027179818,-0.0542486910234277,72.3792299084865,0.386420903071966,MTRNR2L4
ENSG00000196418.11,54381,0.308222584564487,0.0232768049309541,0.041963314418955,0.574481854710019,97.7621965193953,0.377626874599108,ZNF124
ENSG00000156642.15,43761,-0.302729160437353,0.0250944903858093,-0.567618806352923,-0.0378395145217834,99.1347266486639,0.394677413507802,NPTN
ENSG00000179761.10,58057,-1.03611456956049,0.0259291970674718,-1.94787952508166,-0.124349614039327,99.5372096416728,4.80605551440434,PIPOX
ENSG00000167526.12,6862,0.257502547584252,0.0272606466077489,0.0289022761141185,0.486102819054385,96.5725659478817,0.279569357194678,RPL13
ENSG00000078902.14,18037,-0.251320939565333,0.0286849660044061,-0.476470604693673,-0.0261712744369938,98.7855716463305,0.284573704920248,TOLLIP
ENSG00000181450.16,38820,0.207382012691164,0.0318968257245514,0.0179515007896695,0.396812524592658,96.6018118612749,0.190385639882412,ZNF678
ENSG00000112139.13,51883,-0.497390740113379,0.0338301618813072,-0.956781167611753,-0.0380003126150056,97.3321246096559,1.13487398267624,MDGA1
ENSG00000235942.2,4169,0.336158474566965,0.0342287436374447,0.0249896422441627,0.647327306889768,97.0029062820611,0.370493613925548,LCE6A
ENSG00000103264.14,18345,-0.259843027473404,0.0377651915817448,-0.504997739476865,-0.0146883154699434,98.5868132399559,0.33120350587934,FBXO31
ENSG00000152133.13,30392,-0.146232309255637,0.0388652228862442,-0.284985470668223,-0.00747914784305209,95.6717738704556,0.103504405458673,GPATCH11
ENSG00000145384.3,27550,-1.12320430585372,0.0391789718520188,-2.19067151112793,-0.0557371005795158,93.527205860543,5.33189469992546,FABP2
ENSG00000179403.11,46445,0.289781284549819,0.0394220552245901,0.0140392030561006,0.565523366043536,95.7121545497379,0.373481402178884,VWA1
ENSG00000011198.6,1912,-0.324938006537504,0.0434026037088679,-0.640247507707828,-0.00962850536718046,98.6195633095488,0.549546106180547,ABHD5
ENSG00000143622.9,58234,0.23705086466766,0.049230292747565,0.000798906463070209,0.47330282287225,99.0281784313703,0.321887334463688,RIT1
ENSG00000175137.10,58203,0.171369985207829,0.0532152090815874,-0.00237517349158572,0.345115143907244,98.2592397081034,0.172440839004046,SH3BP5L
ENSG00000153012.10,59842,-0.743883212767815,0.0532879065578818,-1.49830682778136,0.0105404022457267,98.4572591121023,3.28771662454734,LGI2
ENSG00000203783.4,42425,1.30451726787201,0.0546783902539751,-0.0261666817067421,2.63520121745076,97.9298660448834,9.65706584009721,PRR9
ENSG00000272047.1,31844,-0.150954515795283,0.0567863382235732,-0.306268375116117,0.00435934352555137,96.7546998081606,0.130871836043628,GTF2H5
ENSG00000258986.5,37537,-1.1254182308675,0.057166535622634,-2.28511235563282,0.0342758938978145,97.7504836834205,7.29196536794479,TMEM179
ENSG00000197121.13,8817,-0.259714743544092,0.0572054670314894,-0.527381293496602,0.00795180640841725,97.3088811816015,0.391843171891197,PGAP1
ENSG00000067141.15,27038,-0.237809826827412,0.0628965730950787,-0.488411042864683,0.0127913892098576,97.6077556846801,0.340505680173764,NEO1
ENSG00000135862.5,6840,0.365175649488254,0.0641024445377674,-0.0213995615385442,0.751750860515052,98.4522406789634,0.79948608952686,LAMC1
ENSG00000168172.7,942,-0.143943036089427,0.0662087999168045,-0.297520622869723,0.00963455069086866,94.6719193035828,0.120863802251949,HOOK3
ENSG00000198182.11,10398,0.228258595509973,0.0665988380995127,-0.0156279773722893,0.472145168392236,98.0929621205585,0.330129232265961,ZNF607
ENSG00000172379.17,18347,-0.506076352039331,0.0684605684544951,-1.05048439457313,0.0383316904944649,98.645176403137,1.69655957701839,ARNT2
ENSG00000189339.10,20470,-0.133830630321985,0.0689734737194229,-0.278064742428707,0.0104034817847363,90.2604760984211,0.0956980941798292,SLC35E2B
ENSG00000173638.17,20168,0.370508973011647,0.0714694355671076,-0.0323709508377951,0.773388896861089,98.8819756786424,0.939530967431515,SLC19A1
ENSG00000174917.7,8939,0.143183353180106,0.0719703944184565,-0.0127847361350386,0.29915144249525,93.6348578119612,0.127543179525617,C19orf70
ENSG00000213462.4,4482,0.229350816917591,0.0730527741618811,-0.0214269400772921,0.480128573912473,95.1239252179898,0.331293944182726,ERV3-1
ENSG00000099942.11,34490,0.110046368243421,0.0760142857017275,-0.0115156372106585,0.2316083736975,97.308849473824,0.0798939406383841,CRKL
ENSG00000087470.16,57179,0.161598214041866,0.0772432904595063,-0.0176563417116504,0.340852769795382,98.6119391351266,0.181614023193966,DNM1L
ENSG00000128989.9,19011,-0.126683818035073,0.0774115483984642,-0.267289071323944,0.0139214352537994,97.3308944718628,0.109599919904002,ARPP19
ENSG00000130222.9,22097,-0.598577446629615,0.0780755715928984,-1.26442021748791,0.06726532422868,98.5522783834642,2.55065986741529,GADD45G
ENSG00000165138.15,19197,0.234697691104703,0.0793500854331876,-0.0274892618948215,0.496884644104228,98.490721908903,0.389022129062152,ANKS6
ENSG00000114850.5,48171,0.155120894940203,0.0794724891605821,-0.0182393290289009,0.328481118909306,97.5297184322493,0.166840264263044,SSR3
ENSG00000185344.12,54647,0.0882437421844944,0.0826547660366061,-0.0114139677831523,0.187901452152141,94.3256001080583,0.0496938033497017,ATP6V0A2
ENSG00000171033.11,25476,-0.588034672498105,0.0832577848947221,-1.25343179239268,0.0773624473964653,98.9564008059405,2.48877578711926,PKIA
ENSG00000167291.14,44017,0.271772945718385,0.083947781944338,-0.0364421270248124,0.579988018461583,97.9491020647827,0.521956815241966,TBC1D16
ENSG00000134250.16,1642,-0.339037309590658,0.0911721845952787,-0.732408485450899,0.0543338662695826,98.8932790032655,0.88337427665017,NOTCH2
ENSG00000122591.10,28309,-0.277687525140352,0.0913874370532734,-0.60009130766882,0.0447162573881167,98.1469569935687,0.584080759815725,FAM126A
ENSG00000108556.7,46856,-0.288486535131154,0.0932234199293565,-0.625321878759298,0.0483488084969903,95.3409927437877,0.556816581257561,CHRNE
ENSG00000120256.8,43442,0.273027177988239,0.096227600780987,-0.0486727910715241,0.594727147048003,99.0783347522987,0.582326653808284,LRP11
ENSG00000204231.9,1911,-0.0738966434288749,0.097375911034064,-0.161267000706494,0.0134737138487441,95.4798783831781,0.038795198264104,RXRB
ENSG00000026652.12,33492,-0.407052445129701,0.104240303513262,-0.898121524687542,0.0840166344281401,99.098858649908,1.39413651180183,AGPAT4
ENSG00000093000.17,50000,0.157043459656852,0.106812954674899,-0.0338180659102766,0.34790498522398,98.3540819846508,0.197779075404295,NUP50
ENSG00000082781.10,45453,0.172801840916294,0.108615558639379,-0.0382898219281337,0.383893503760721,97.5862987252979,0.230105478855074,ITGB5
ENSG00000159871.13,5754,0.331128450979862,0.113255782298101,-0.0786642104545003,0.740921112414225,97.2222747879613,0.925584896419007,LYPD5
ENSG00000188549.11,35855,-0.386399745850579,0.117766574185552,-0.870558592643226,0.0977591009420672,98.3734119556364,1.29136538468213,C15orf52
ENSG00000122863.5,15358,-0.254644319737519,0.118504306218409,-0.574354342867959,0.0650657033929198,97.1677414337292,0.538115684169667,CHST3
ENSG00000137815.13,54921,-0.0725445287668663,0.122108628634181,-0.164514910435921,0.0194258529021887,95.9055590002809,0.043401437615922,RTF1
ENSG00000099974.7,19039,0.198681388757793,0.123745669633624,-0.0543060067055179,0.451668784221104,95.1282560671923,0.332252430657448,DDTL
ENSG00000153933.8,2891,-0.336825205128348,0.126607021486696,-0.768978135570176,0.0953277253134808,99.2869138531477,1.07004959802026,DGKE
ENSG00000101290.12,1941,-0.214707244102559,0.127820732923455,-0.491061130032093,0.0616466418269756,99.3124616083814,0.448896958611553,CDS2
ENSG00000163207.6,7194,1.15502619547157,0.127897683293939,-0.331930732516288,2.64198312345944,97.274774726299,11.8618063499327,IVL
ENSG00000105866.12,18351,-0.156668712675781,0.13421430487259,-0.361694735257466,0.0483573099059037,96.5687627733789,0.219079525784177,SP4
ENSG00000130592.12,46679,-0.490759952396558,0.137222168996456,-1.13795541612591,0.15643551133279,98.9949862927525,2.38444804286778,LSP1
ENSG00000173875.12,30171,-0.0819818425284877,0.13914995512442,-0.190626452037544,0.026662766980569,95.9653814148575,0.0616828297834681,ZNF791
ENSG00000175893.10,43045,-0.164861521756572,0.140839372213625,-0.384273951046063,0.0545509075329201,97.3812990095877,0.260083659150048,ZDHHC21
ENSG00000075651.14,20833,-0.325580987092117,0.143870570784287,-0.762197300054017,0.111035325869783,98.8408066639646,1.03944754811891,PLD1
ENSG00000139278.8,54720,-0.33193911034611,0.145110777377558,-0.77845910899901,0.11458088830679,98.4458205276562,1.12536601556633,GLIPR1
ENSG00000152256.12,2785,0.258431338858083,0.156981195166428,-0.0994552564619207,0.616317934178086,98.6152101458974,0.738553833954535,PDK1
ENSG00000167105.6,52067,0.737487629448041,0.156988497169768,-0.283834259540146,1.75880951843623,98.603179222625,5.58134907900831,TMEM92
ENSG00000100605.15,35477,-0.204787227282858,0.160680276025941,-0.490914419002133,0.0813399644364163,98.5267261787937,0.445413607811229,ITPK1
ENSG00000165091.14,25677,-0.461247865341669,0.164511858979744,-1.11160236476873,0.189106634085397,94.8405888171137,2.06783391336002,TMC1
ENSG00000183655.12,6259,0.139589891716237,0.166767153687634,-0.0582822371372965,0.337462020569771,96.6411149809381,0.211844727946269,KLHL25
ENSG00000154328.14,37222,-0.105755241742029,0.173379751373543,-0.25800499820648,0.0464945147224218,96.4816518193827,0.119773322363993,NEIL2
ENSG00000144120.11,44513,0.206786407567794,0.180867097153755,-0.096103464197501,0.509676279333088,98.6706822003249,0.528274814928444,TMEM177
ENSG00000173039.17,30986,0.0744696147578529,0.183167637168046,-0.0351852609998334,0.184124490515539,96.2149157944473,0.063040395204068,RELA
ENSG00000111802.12,17450,-0.171309552897587,0.183895500038916,-0.423978440462642,0.0813593346674694,98.7728666818413,0.358762742173606,TDP2
ENSG00000071794.14,26469,0.147574303662188,0.186128111606115,-0.0711957516165403,0.366344358940917,97.8448102823055,0.267094618364093,HLTF
ENSG00000134987.10,1277,0.0940325084835299,0.199473673271686,-0.0496095683474503,0.23767458531451,97.1868605971562,0.113524362640036,WDR36
ENSG00000186300.10,36137,-0.124971411197933,0.202663148135654,-0.317231473707291,0.0672886513114258,97.1141211343384,0.199120009516834,ZNF555
ENSG00000104447.10,18999,-0.206821811288143,0.204184646711503,-0.526076083799925,0.112432461223639,97.7451913929989,0.556029827301481,TRPS1
ENSG00000188243.11,16707,-0.132859847487023,0.208740369882297,-0.340014125007431,0.0742944300333853,97.1896644917977,0.234253708979759,COMMD6
ENSG00000175387.14,26709,-0.0827321182541512,0.210371993430981,-0.212190304463732,0.04672606795543,97.7825758792791,0.0925817699447878,SMAD2
ENSG00000111652.8,7488,0.0658020744312774,0.213932049459647,-0.0379692671500628,0.169573416012618,95.9343279393692,0.0573389483674776,COPS7A
ENSG00000080345.16,22814,0.116881159360761,0.218811074172771,-0.0694111575820315,0.303173476303554,97.3647315897719,0.197430778785815,RIF1
ENSG00000101188.4,5174,-0.488758892285813,0.219137496446243,-1.26832471512616,0.290806930554539,95.5536829620464,3.29960327886241,NTSR1
ENSG00000169967.15,25891,-0.0769835348012877,0.224086107732914,-0.201093663717981,0.0471265941154051,96.0744125287962,0.0863791503778044,MAP3K2
ENSG00000168939.9,24738,-0.125356634718898,0.230685716686126,-0.330342157576783,0.0796288881389884,95.9084047178695,0.217015603468029,SPRY3
ENSG00000146530.10,17576,-0.504328675516204,0.231445368679759,-1.33036055735626,0.321703206323848,97.6640332698755,3.73045440151631,VWDE
ENSG00000073150.12,53677,0.381470571015158,0.23698485271659,-0.250776943329153,1.01371808535947,98.0996418180024,2.20097916028928,PANX2
ENSG00000063587.13,38527,-0.244650195630535,0.24581466696965,-0.657812171752167,0.168511780491097,99.4582005403675,1.00934045100736,ZNF275
ENSG00000123684.11,48760,0.160537488774535,0.248996409248546,-0.112406912260025,0.433481889809095,98.611570862132,0.427920659493317,LPGAT1
ENSG00000101350.7,38754,0.0924505258890129,0.25357879380052,-0.066259924591395,0.251160976369421,96.6778835578029,0.126752543709798,KIF3B
ENSG00000186529.13,14590,-0.56420339755739,0.259922548332957,-1.54577951531969,0.417372720204908,98.335378056602,5.28530303693717,CYP4F3
ENSG00000178988.10,2928,-0.045605717853221,0.280804297354527,-0.128484139882413,0.0372727041759711,93.5895226422392,0.0345255673971262,MRFAP1L1
ENSG00000186470.12,6416,0.200900990739671,0.281588027105124,-0.164787870292171,0.566589851771513,97.9729989330322,0.763471520728079,BTN3A2
ENSG00000101782.13,21823,-0.127988543870513,0.282535339874506,-0.361417995323226,0.1054409075822,98.8974868599787,0.310743028702738,RIOK3
ENSG00000108590.9,748,0.068661566005921,0.285838677251238,-0.0574274772680504,0.194750609279893,94.8916199435092,0.081392824161349,MED31
ENSG00000153147.5,4369,-0.0586582389880706,0.291449736932636,-0.167638194163068,0.0503217161869268,95.6663430246984,0.0626718524630158,SMARCA5
ENSG00000136807.10,42021,0.0697282976784236,0.29721085047088,-0.0613735739703311,0.200830169327178,97.1393719697376,0.0895447622973628,CDK9
ENSG00000133731.8,21982,-0.0987156039492037,0.301570375664275,-0.286000804336498,0.0885695964380904,97.290299678589,0.195406065111232,IMPA1
ENSG00000149218.4,9620,-0.190389218167154,0.309149161366973,-0.557304379160414,0.176525942826106,98.9806622844576,0.752878917695667,ENDOD1
ENSG00000177034.13,3170,-0.0789534163915716,0.336239580543063,-0.239875143600496,0.0819683108173531,96.4889205406565,0.136465983534826,MTX3
ENSG00000009950.14,45149,-0.487679875130065,0.338031908895964,-1.48535623515385,0.509996484893724,99.1035646453922,5.39756749812893,MLXIPL
ENSG00000136720.6,20236,-0.187457572826288,0.339160595252475,-0.571848068466602,0.196932922814026,98.8627169581568,0.831874247342261,HS6ST1
ENSG00000112297.13,20186,-0.182088850775673,0.351927394248565,-0.565485528723273,0.201307827171927,98.1607437765807,0.773224520569722,AIM1
ENSG00000145416.12,48352,0.186382766334113,0.35485397355527,-0.208448085574453,0.581213618242679,97.8089407052761,0.886312879562229,MARCH1
ENSG00000180957.16,40104,0.071860968121784,0.357802705032667,-0.0813045673938815,0.225026503637449,97.500739093364,0.125143469128843,PITPNB
ENSG00000107957.15,48719,-0.153267611963833,0.368333756602826,-0.487193107091609,0.180657883163944,98.3963971873217,0.608909394247496,SH3PXD2A
ENSG00000166454.8,3348,-0.056791799499012,0.370903015252247,-0.181190521875997,0.0676069228779731,97.931288125753,0.0887485562209414,ATMIN
ENSG00000101844.16,33587,-0.106834255222156,0.373119919582743,-0.341935121236473,0.128266610792161,98.9550087475559,0.316773557707137,ATG4A
ENSG00000186716.18,20646,0.0953297528651517,0.375526790406295,-0.115513787492193,0.306173293222496,98.0263421413097,0.244757689316034,BCR
ENSG00000060069.15,52419,0.0604997029282442,0.380765740101533,-0.0747873444350314,0.19578675029152,95.9975065296552,0.0969217241240945,CTDP1
ENSG00000120925.12,4063,-0.0494703286580252,0.402526851284778,-0.16529651769924,0.0663558603831893,94.7800419610386,0.0671885506404012,RNF170
ENSG00000038532.13,59267,0.0880860036222585,0.403970986041208,-0.118786375394848,0.294958382639365,98.5983065406917,0.244476160797915,CLEC16A
ENSG00000144369.11,17105,-0.220259300535752,0.411280743822292,-0.745671045531813,0.305152444460308,98.5943063643311,1.57984263738927,FAM171B
ENSG00000067334.12,32818,0.0393415144493781,0.412990581307659,-0.0548485372997346,0.133531566198491,93.7178357946678,0.0436454792457761,DNTTIP2
ENSG00000185100.9,19824,-0.170319583318517,0.418812019200905,-0.583216132358011,0.242576965720978,98.3342720301944,0.945929613186855,ADSSL1
ENSG00000181481.12,4286,0.0956522401025056,0.435436868860271,-0.144724334220092,0.336028814425104,98.5005953785635,0.321772100542314,RNF135
ENSG00000102445.17,7844,0.164983145697487,0.437107650988212,-0.251136503904724,0.581102795299699,96.8099185628159,0.936989734605838,KIAA0226L
ENSG00000146834.12,51098,0.0656813658370527,0.445186136688496,-0.10293555040637,0.234298282080475,97.6358924636176,0.158939929554525,MEPCE
ENSG00000163235.14,49824,0.267454071757391,0.448301155927668,-0.423874834061396,0.958782977576178,99.1749957202273,2.65428159686608,TGFA
ENSG00000151715.6,38109,-0.360405841556844,0.461012144304953,-1.3186267474979,0.597815064384215,99.2960805463535,5.21044715112343,TMEM45B
ENSG00000149639.13,60253,0.124316327643067,0.463213589620719,-0.207836046584215,0.456468701870349,98.0647244334521,0.600454420965834,SOGA1
ENSG00000131828.12,14909,-0.0744857852233826,0.467306070703035,-0.275332720521399,0.126361150074633,98.3620782367153,0.228075476410167,PDHA1
ENSG00000160305.16,41738,0.0532489195018254,0.470488412088588,-0.0913654513430833,0.197863290346734,96.30950107497,0.113143552649911,DIP2A
ENSG00000136193.15,4927,0.146779652370384,0.47358395593162,-0.254642026474401,0.54820133121517,99.0033928578639,0.935046967683041,SCRN1
ENSG00000140995.15,6594,0.0593010623673118,0.523918519476105,-0.123069697538705,0.241671822273328,98.1092879975756,0.181776435988255,DEF8
ENSG00000065308.4,41790,-0.110354363063303,0.526037203179225,-0.451470731163152,0.230762005036546,98.4942856117185,0.661022922608118,TRAM2
ENSG00000139433.8,9635,-0.104058045072591,0.534014719774693,-0.432010382835238,0.223894292690055,99.2169669425738,0.600548671361418,GLTP
ENSG00000157693.13,25487,0.0710441543278301,0.537692614653708,-0.154889060324891,0.296977368980551,97.992486244444,0.277848216441778,C9orf91
ENSG00000075142.12,45900,0.0756152721513415,0.543958478670263,-0.168606792201754,0.319837336504437,98.5393193011878,0.343015146595222,SRI
ENSG00000182141.8,26,-0.0576587246702312,0.545173100274037,-0.244447759608075,0.129130310267612,95.5876080220458,0.181130828587777,ZNF708
ENSG00000160209.17,35044,0.0840353284177954,0.5511400327686,-0.192292959127149,0.36036361596274,97.8616616444452,0.42155975842203,PDXK
ENSG00000179344.15,17596,0.135592769180849,0.563739975927781,-0.324755575653249,0.595941114014948,96.0964039385072,1.13787625402155,HLA-DQB1
ENSG00000134504.11,1639,0.141291548313982,0.565083753406849,-0.34006256774777,0.622645664375734,98.96548071286,1.31371465093349,KCTD1
ENSG00000164048.12,19410,-0.0502739821118027,0.573660340347475,-0.225395066404829,0.124847102181224,95.1933768619727,0.153995273031538,ZNF589
ENSG00000196683.9,24573,-0.0543124188779814,0.574919998191577,-0.244124327354718,0.135499489598755,96.6067647115043,0.191670345670275,TOMM7
ENSG00000072756.15,3388,0.0377755754287857,0.591875051364416,-0.100325323623882,0.175876474481454,96.8693134064695,0.105687240155886,TRNT1
ENSG00000146833.14,49200,-0.0665237119947967,0.594185563417524,-0.311247552446349,0.178200128456755,98.9643412886392,0.345590487391552,TRIM4
ENSG00000115827.12,35478,-0.0462461065574222,0.595543401381917,-0.217002058142283,0.124509845027438,97.7841752232754,0.161571744250123,DCAF17
ENSG00000165629.18,29621,-0.056976057725203,0.60376837729356,-0.272146341460153,0.158194226009747,98.2172871171418,0.259735509520432,ATP5C1
ENSG00000162734.11,53691,0.0637166479866321,0.605399924687323,-0.177998505820862,0.305431801794126,98.195510333893,0.310157056955526,PEA15
ENSG00000154548.8,27238,-0.149605212045927,0.607924077233643,-0.721142381453248,0.421931957361394,98.8959496985768,1.85745992095743,SRSF12
ENSG00000151650.7,35552,-0.122140298114529,0.625086750455061,-0.612038338746069,0.367757742517011,97.339728415053,1.30710770978662,VENTX
ENSG00000117228.9,19487,-0.12600078769531,0.632524505661921,-0.642456420360315,0.390454844969695,98.6260089037386,1.53684746713497,GBP1
ENSG00000176410.7,55579,-0.0359138392978427,0.640851479164593,-0.18680029370012,0.114972615104435,97.2389433489038,0.128155623476872,DNAJC30
ENSG00000102572.13,45925,-0.038217135268171,0.645201204046756,-0.200897146581854,0.124462876045512,97.1276608317924,0.143788932877997,STK24
ENSG00000085449.13,13608,0.026085354272646,0.645637740786995,-0.085099814901001,0.137270523446293,95.539830829738,0.0654346304161919,WDFY1
ENSG00000171435.12,10421,-0.235033313350331,0.651857492990206,-1.25603053913733,0.785963912436667,99.2481766779324,5.65589601175702,KSR2
ENSG00000146802.11,12141,-0.0353854456923794,0.659790990564281,-0.192936383957393,0.122165492572634,97.3203475122512,0.137382235644123,TMEM168
ENSG00000171903.15,41979,-0.225995403892556,0.660240354444665,-1.23364246944966,0.781651661664544,98.2540432330329,5.66600174435446,CYP4F11
ENSG00000132530.15,44051,-0.0922586696867579,0.662975876385287,-0.50717435924899,0.322657019875474,97.0442688478171,0.919508723313716,XAF1
ENSG00000198231.11,23035,0.0199657298545794,0.671194472759692,-0.0722162731318358,0.112147732840995,96.5880999817373,0.045330629103419,DDX42
ENSG00000173041.10,28814,-0.0537912609377335,0.687747468200805,-0.316108540954269,0.208526019078802,97.7069583022742,0.385690531878064,ZNF680
ENSG00000077044.8,316,0.0640540899022006,0.691146325504125,-0.25193821503416,0.380046394838561,97.8683999640226,0.544475293872689,DGKD
ENSG00000125347.12,58592,0.0536216416391108,0.695522819925224,-0.214912337425864,0.322155620704085,95.4538098320455,0.380363383812776,IRF1
ENSG00000100228.11,46380,0.0944407122202049,0.696984950041361,-0.380914709333171,0.56979613377358,98.883602996079,1.25634437184332,RAB36
ENSG00000205086.6,9730,-0.161590248147518,0.722554941153544,-1.05361787703848,0.730437380743441,96.2996042514191,4.16148040268281,C2orf91
ENSG00000105928.12,49962,-0.0810387879079522,0.725108082508452,-0.532730850633026,0.370653274817122,98.8491094368597,1.16579740012584,DFNA5
ENSG00000111880.14,9932,-0.0200131619630195,0.734441128666787,-0.135645009508287,0.0956186855822477,95.4358018031078,0.0684942205735547,RNGTT
ENSG00000074410.12,16881,0.124755662412284,0.738689381881734,-0.608230967365149,0.857742292189716,98.1967247717181,2.86527545907193,CA12
ENSG00000078124.10,31351,-0.0304578113445808,0.738987408878753,-0.209621029484873,0.148705406795711,96.3924742145845,0.172623715594562,ACER3
ENSG00000249992.1,8051,0.109627258380213,0.74399215737146,-0.548316294568912,0.767570811329337,98.2404405517681,2.38043395762246,TMEM158
ENSG00000133703.10,31588,0.028844158523541,0.744103697894957,-0.144346349729727,0.202034666776809,97.5117598661707,0.165182533515231,KRAS
ENSG00000130770.16,17664,-0.0407718522851059,0.756479012380384,-0.29846086469183,0.216917160121618,98.0355856404963,0.367221262607488,ATPIF1
ENSG00000108960.6,53685,0.0612355401834871,0.756951113497737,-0.32656575815714,0.449036838524114,98.2479075675552,0.821442063903242,MMD
ENSG00000168395.13,9007,-0.024056090711437,0.757735976546896,-0.176911577642009,0.128799396219135,97.1245422024868,0.129219578516474,ING5
ENSG00000108064.9,51307,0.020684362949565,0.775560262401842,-0.121508753548521,0.162877479447651,96.8553365177194,0.107581355686126,TFAM
ENSG00000113812.12,21532,-0.0167709534276032,0.776173868150698,-0.132386381466364,0.0988444746111573,97.4084679154997,0.0736257095122688,ACTR8
ENSG00000063438.15,28973,-0.0460291705866579,0.787582951908953,-0.380841995026682,0.288783653853367,94.3372018740889,0.554567948801391,AHRR
ENSG00000243646.7,34209,0.0323486560080014,0.804624245748507,-0.22395963195548,0.288656943971483,98.6205077080283,0.374796213431208,IL10RB
ENSG00000153786.11,56249,-0.0217020100680701,0.828568209904542,-0.218134544792471,0.174730524656331,98.8223055295488,0.219821393098043,ZDHHC7
ENSG00000116260.15,18261,0.0341209118934093,0.850991699194848,-0.321879114818603,0.390120938605421,98.7199189342939,0.695241536980828,QSOX1
ENSG00000118402.5,46987,-0.07048600673013,0.852472557099886,-0.813369693800006,0.672397680339746,99.0382045829632,3.10090996005621,ELOVL4
ENSG00000181915.4,31733,0.0144558363479474,0.858360757170613,-0.144306471561402,0.173218144257297,98.6931662666599,0.144928074212056,ADO
ENSG00000176406.19,29559,-0.0725952838258795,0.88069804956367,-1.02062298140463,0.875432413752869,98.7581634122141,5.13038908814613,RIMS2
ENSG00000136144.10,13109,0.0131128554138079,0.887179386865627,-0.168038667523941,0.194264378351557,96.5084525425909,0.164993373922635,RCBTB1
ENSG00000205060.9,6505,-0.00819967731680836,0.905480045371843,-0.143544549820741,0.127145195187124,95.4342374173752,0.0952024476522139,SLC35B4
ENSG00000100220.10,54634,-0.00599846088603112,0.906282131561183,-0.105861153973958,0.0938642322018963,94.9900854905592,0.0527852014442105,RTCB
ENSG00000166037.9,28282,-0.00580081490426073,0.91819286425411,-0.116494518399686,0.104892888591165,95.5110196016409,0.0636626322702446,CEP57
ENSG00000080644.14,27399,-0.0385549153761305,0.922373123562061,-0.814031918303943,0.736922087551682,97.2150305079219,3.20781670357056,CHRNA3
ENSG00000183186.6,42382,-0.0305607224781785,0.923963195333439,-0.658140524737176,0.597019079780819,97.6657751529819,2.14894862169562,C2CD4C
ENSG00000105419.16,2644,0.0155944634921277,0.961024622035121,-0.609859614693411,0.641048541677667,98.8692576477521,2.13304686839151,MEIS3
ENSG00000105750.13,9791,0.00845621083453577,0.963083924321991,-0.349634777330813,0.366547198999885,98.7091036150986,0.704015750396442,ZNF85
ENSG00000064666.13,58130,0.00647262610702284,0.964406959671522,-0.277815990361347,0.290761242575392,97.9304076644939,0.441596548769156,CNN2
ENSG00000103018.15,28088,0.00593228321626883,0.968911983036931,-0.292404690059234,0.304269256491771,99.480128868074,0.524623201997656,CYB5B
ENSG00000125637.14,52893,-0.00237517661851198,0.991806078867637,-0.455674059151139,0.450923705914115,99.028412699688,1.10952691950867,PSD4
ENSG00000171860.4,31157,-0.00221168067343182,0.992035878571226,-0.436487342276652,0.432063980929788,97.2012718930755,1.04887755060352,C3AR1
