,V1,V2,V3,V4,V5,V6,V7,V8,V9,V10,V11,V12,V13,V14,V15,V16,symbol
162,rs11885000,9.57581e-10,0.379294,0.0600508,ENSG00000205086.6,chr2,42163074,42163075,rs11885000,T,C,C2orf91,-,Gain,UTR3,Low,C2orf91
215,rs79659648,3.44745e-06,0.746482,0.157809,ENSG00000072756.16,chr3,3190275,3190276,rs79659648,C,T,TRNT1,-,Gain,UTR3,Low,TRNT1
542,rs241449,6.3348e-05,0.187871,0.0463081,ENSG00000204267.13,chr6,32796676,32796677,rs241449,C,A,TAP2,-,Gain,UTR3,Low,TAP2
549,rs12206712,2.98901e-10,0.213259,0.0327197,ENSG00000183826.16,chr6,38139760,38139761,rs12206712,T,C,BTBD9,-,Gain,UTR3,Low,BTBD9
663,rs1051921,7.36092e-10,0.368536,0.0579263,ENSG00000009950.15,chr7,73007944,73007945,rs1051921,G,A,MLXIPL,-,Gain,UTR3,Low,MLXIPL
699,rs6950177,1.48057e-05,0.47538,0.107956,ENSG00000161048.11,chr7,102740684,102740685,rs6950177,G,A,NAPEPLD,-,Gain,UTR3,Low,NAPEPLD
711,rs4639,1.21593e-27,0.347416,0.0287822,ENSG00000154328.15,chr8,11644751,11644752,rs4639,A,G,NEIL2,-,Gain,UTR3,Low,NEIL2
851,rs7902,2.79679e-09,0.194447,0.0317388,ENSG00000166037.10,chr11,95565289,95565290,rs7902,A,G,CEP57,-,Gain,UTR3,Low,CEP57
869,rs7842,2.72464e-06,0.142858,0.029878,ENSG00000171860.4,chr12,8211167,8211168,rs7842,T,C,C3AR1,-,Gain,UTR3,Low,C3AR1
1025,rs3743332,1.94169e-07,0.232285,0.0435942,ENSG00000183655.12,chr15,86303748,86303749,rs3743332,T,C,KLHL25,-,Gain,UTR3,Low,KLHL25
1240,rs1055066,6.61111e-09,0.269175,0.04508,ENSG00000152223.12,chr18,43427620,43427621,rs1055066,G,C,EPG5,-,Gain,UTR3,Low,EPG5
1276,rs56339351,2.21702e-11,0.498936,0.0717596,ENSG00000105750.14,chr19,21133221,21133222,rs56339351,G,A,ZNF85,-,Gain,UTR3,Low,ZNF85
1470,rs710106,8.04856e-13,0.262014,0.0350198,ENSG00000182195.7,chrX,140270433,140270434,rs710106,T,C,LDOC1,-,Gain,UTR3,Low,LDOC1
5,rs72634820,9.62472e-85,-0.954457,0.0345165,ENSG00000189339.11,chr1,1597018,1597019,rs72634820,C,G,SLC35E2B,-,Loss,UTR3,High,SLC35E2B
84,rs10847,4.61067e-05,-0.152067,0.0367785,ENSG00000143437.20,chr1,150782794,150782795,rs10847,C,T,ARNT,-,Loss,UTR3,Low,ARNT
113,rs7934,5.49583e-21,-0.313686,0.0309358,ENSG00000160679.12,chr1,153618764,153618765,rs7934,C,T,CHTOP,-,Loss,UTR3,Low,CHTOP
121,rs2282301,1.40019e-08,-0.285219,0.0488977,ENSG00000143622.10,chr1,155868643,155868644,rs2282301,G,A,RIT1,-,Loss,UTR3,Low,RIT1
149,rs74318046,4.36558e-08,-0.528591,0.0940726,ENSG00000196418.12,chr1,247319830,247319831,rs74318046,G,A,ZNF124,-,Loss,UTR3,Medium,ZNF124
156,rs1731260,9.43441e-06,-0.183993,0.0408283,ENSG00000171303.6,chr2,26953334,26953335,rs1731260,G,T,KCNK3,-,Loss,UTR3,Low,KCNK3
186,rs4849797,2.30172e-05,-0.174512,0.0405781,ENSG00000144120.12,chr2,120439446,120439447,rs4849797,C,A,TMEM177,-,Loss,UTR3,Low,TMEM177
243,rs2241806,1.01015e-21,-0.293448,0.0283235,ENSG00000113812.13,chr3,53901612,53901613,rs2241806,A,G,ACTR8,-,Loss,UTR3,Low,ACTR8
283,rs1137789,1.2697e-09,-0.334015,0.0533001,ENSG00000163945.15,chr4,1381768,1381769,rs1137789,A,G,UVSSA,-,Loss,UTR3,Low,UVSSA
294,rs11724758,1.43737e-14,-0.531455,0.0656686,ENSG00000145384.3,chr4,120239878,120239879,rs11724758,G,A,FABP2,-,Loss,UTR3,Low,FABP2
302,rs4691090,1.09148e-21,-0.347615,0.0335843,ENSG00000145416.13,chr4,164445611,164445612,rs4691090,G,A,MARCH1,-,Loss,UTR3,Low,MARCH1
364,rs555742,6.83128e-08,-0.286996,0.0518699,ENSG00000205269.5,chr6,11582291,11582292,rs555742,T,A,TMEM170B,-,Loss,UTR3,Low,TMEM170B
372,rs3757138,1.54545e-82,-1.33061,0.049268,ENSG00000186470.13,chr6,26376102,26376103,rs3757138,A,G,BTN3A2,-,Loss,UTR3,High,BTN3A2
530,rs4993986,4.48603e-28,-0.682734,0.0559988,ENSG00000179344.16,chr6,32627649,32627650,rs4993986,C,G,HLA-DQB1,-,Loss,UTR3,High,HLA-DQB1
548,rs35819257,1.22316e-07,-0.222323,0.041022,ENSG00000198663.16,chr6,36893867,36893868,rs35819257,G,T,C6orf89,-,Loss,UTR3,Low,C6orf89
584,rs3763162,8.18057e-06,-0.123447,0.0271985,ENSG00000120256.9,chr6,150140793,150140794,rs3763162,C,T,LRP11,-,Loss,UTR3,Low,LRP11
594,rs10946159,5.93406e-05,-0.142862,0.0350748,ENSG00000272047.1,chr6,158616334,158616335,rs10946159,A,C,GTF2H5,-,Loss,UTR3,Low,GTF2H5
604,rs2287067,7.17143e-16,-0.488907,0.0573155,ENSG00000146530.11,chr7,12370532,12370533,rs2287067,T,C,VWDE,-,Loss,UTR3,Low,VWDE
605,rs1054471,1.40173e-07,-0.118246,0.0219266,ENSG00000196683.10,chr7,22852642,22852643,rs1054471,T,A,TOMM7,-,Loss,UTR3,Low,TOMM7
640,rs3088174,2.14106e-20,-0.425826,0.0427492,ENSG00000213462.4,chr7,64451423,64451424,rs3088174,C,T,ERV3-1,-,Loss,UTR3,Low,ERV3-1
664,rs113239638,1.53632e-05,-0.31244,0.0710913,ENSG00000176410.7,chr7,73095547,73095548,rs113239638,A,G,DNAJC30,-,Loss,UTR3,Low,DNAJC30
709,rs2572401,2.38585e-05,-0.268982,0.0626677,ENSG00000104643.9,chr8,11183713,11183714,rs2572401,A,C,MTMR9,-,Loss,UTR3,Low,MTMR9
721,rs1058401,4.1263e-07,-0.137812,0.0266208,ENSG00000133731.9,chr8,82570633,82570634,rs1058401,C,T,IMPA1,-,Loss,UTR3,Low,IMPA1
741,rs149373654,1.86677e-15,-0.659172,0.0785468,ENSG00000172014.12,chr9,69424931,69424932,rs149373654,G,A,ANKRD20A4,-,Loss,UTR3,Low,ANKRD20A4
744,rs11519,3.26822e-07,-0.444273,0.0850438,ENSG00000106733.20,chr9,77676284,77676285,rs11519,T,G,NMRK1,-,Loss,UTR3,Low,NMRK1
745,rs4877746,1.84643e-10,-0.238729,0.0361719,ENSG00000172159.15,chr9,85861196,85861197,rs4877746,T,C,FRMD3,-,Loss,UTR3,Low,FRMD3
795,rs1046492,5.62231e-10,-0.220617,0.0344233,ENSG00000151553.14,chr10,116624066,116624067,rs1046492,C,T,FAM160B1,-,Loss,UTR3,Low,FAM160B1
850,rs1071,7.04602e-07,-0.26264,0.0518316,ENSG00000110218.8,chr11,93914987,93914988,rs1071,T,G,PANX1,-,Loss,UTR3,Medium,PANX1
894,rs7304559,1.8403e-07,-0.237389,0.0444631,ENSG00000139433.9,chr12,110289500,110289501,rs7304559,T,G,GLTP,-,Loss,UTR3,Low,GLTP
913,rs10744162,5.85714e-08,-0.174458,0.0313623,ENSG00000185344.13,chr12,124243677,124243678,rs10744162,T,C,ATP6V0A2,-,Loss,UTR3,Low,ATP6V0A2
954,rs3803315,4.31445e-07,-0.256544,0.0496431,ENSG00000258986.6,chr14,105060633,105060634,rs3803315,T,C,TMEM179,-,Loss,UTR3,Low,TMEM179
1101,rs2549891,8.14932e-07,-0.189954,0.0377113,ENSG00000166454.9,chr16,81080363,81080364,rs2549891,T,C,ATMIN,-,Loss,UTR3,Low,ATMIN
1112,rs3211569,1.90124e-17,-0.283544,0.0313568,ENSG00000167526.13,chr16,89629820,89629821,rs3211569,G,A,RPL13,-,Loss,UTR3,Medium,RPL13
1205,rs1062788,3.52805e-05,-0.126173,0.0300466,ENSG00000198231.12,chr17,61896125,61896126,rs1062788,C,G,DDX42,-,Loss,UTR3,Medium,DDX42
1243,rs3744881,2.28999e-06,-0.149514,0.031027,ENSG00000122490.18,chr18,77663963,77663964,rs3744881,G,A,PQLC1,-,Loss,UTR3,Medium,PQLC1
1254,rs10413272,7.6776e-08,-0.367073,0.0666145,ENSG00000186300.11,chr19,2860090,2860091,rs10413272,A,G,ZNF555,-,Loss,UTR3,Low,ZNF555
1268,rs1060467,8.77938e-13,-0.539008,0.0721724,ENSG00000171903.16,chr19,16024541,16024542,rs1060467,A,G,CYP4F11,-,Loss,UTR3,Low,CYP4F11
1364,rs3171425,9.69621e-07,-0.189603,0.0379141,ENSG00000243646.9,chr21,34668744,34668745,rs3171425,A,G,IL10RB,-,Loss,UTR3,High,IL10RB
1390,rs180812,1.32838e-23,-0.360754,0.0330495,ENSG00000186716.20,chr22,23657736,23657737,rs180812,G,A,BCR,-,Loss,UTR3,Medium,BCR
1406,rs1006771,8.36063e-06,-0.211633,0.0466786,ENSG00000099974.7,chr22,24314033,24314034,rs1006771,G,T,DDTL,-,Loss,UTR3,Low,DDTL
